<eml:eml xmlns:eml="eml://ecoinformatics.org/eml-2.1.1"
         xmlns:dc="http://purl.org/dc/terms/"
         xmlns:xsi="http://www.w3.org/2001/XMLSchema-instance"
         xsi:schemaLocation="eml://ecoinformatics.org/eml-2.1.1 http://rs.gbif.org/schema/eml-gbif-profile/1.1/eml.xsd"
         packageId="40e9743f-8db3-4732-8c85-c4ca96596409/v16.4" system="http://gbif.org" scope="system"
         xml:lang="eng">

<dataset>
  <alternateIdentifier>40e9743f-8db3-4732-8c85-c4ca96596409</alternateIdentifier>
  <alternateIdentifier>https://ipt.inbo.be/resource?r=depletion-fishing-nete-occurrences</alternateIdentifier>
  <title xml:lang="eng">Depletion fishing in the rivers Grote Nete and Kleine Nete in Flanders, Belgium</title>
      <creator>
    <individualName>
        <givenName>Johan</givenName>
      <surName>Coeck</surName>
    </individualName>
    <organizationName>Research Institute for Nature and Forest (INBO)</organizationName>
    <positionName>Researcher</positionName>
    <address>
        <deliveryPoint>Kliniekstraat 25</deliveryPoint>
        <city>Brussels</city>
        <administrativeArea>Brussels Capital Region</administrativeArea>
        <postalCode>1070</postalCode>
        <country>BE</country>
    </address>
    <electronicMailAddress>johan.coeck@inbo.be</electronicMailAddress>
      </creator>
      <creator>
    <individualName>
        <givenName>Dimitri</givenName>
      <surName>Brosens</surName>
    </individualName>
    <organizationName>Research Institute for Nature and Forest (INBO)</organizationName>
    <positionName>Data liaison officer</positionName>
    <address>
        <deliveryPoint>Kliniekstraat 25</deliveryPoint>
        <city>Brussels</city>
        <administrativeArea>Brussels Capital Region</administrativeArea>
        <postalCode>1070</postalCode>
        <country>BE</country>
    </address>
    <electronicMailAddress>dimitri.brosens@inbo.be</electronicMailAddress>
    <onlineUrl>http://www.biodiversity.be</onlineUrl>
          <userId directory="http://orcid.org/">0000-0002-0846-9116</userId>
      </creator>
      <creator>
    <individualName>
        <givenName>Peter</givenName>
      <surName>Desmet</surName>
    </individualName>
    <organizationName>Research Institute for Nature and Forest (INBO)</organizationName>
    <positionName>Data lab coordinator</positionName>
    <address>
        <deliveryPoint>Kliniekstraat 25</deliveryPoint>
        <city>Brussels</city>
        <administrativeArea>Brussels Capital Region</administrativeArea>
        <postalCode>1070</postalCode>
        <country>BE</country>
    </address>
    <electronicMailAddress>peter.desmet@inbo.be</electronicMailAddress>
    <onlineUrl>http://lifewatch.inbo.be</onlineUrl>
          <userId directory="http://orcid.org/">0000-0002-8442-8025</userId>
      </creator>
      <metadataProvider>
    <individualName>
        <givenName>Johan</givenName>
      <surName>Coeck</surName>
    </individualName>
    <organizationName>Research Institute for Nature and Forest (INBO)</organizationName>
    <positionName>Researcher</positionName>
    <address>
        <deliveryPoint>Kliniekstraat 25</deliveryPoint>
        <city>Brussels</city>
        <administrativeArea>Brussels Capital Region</administrativeArea>
        <postalCode>1070</postalCode>
        <country>BE</country>
    </address>
    <electronicMailAddress>johan.coeck@inbo.be</electronicMailAddress>
      </metadataProvider>
      <metadataProvider>
    <individualName>
        <givenName>Dimitri</givenName>
      <surName>Brosens</surName>
    </individualName>
    <organizationName>Research Institute for Nature and Forest (INBO)</organizationName>
    <positionName>Data liaison officer</positionName>
    <address>
        <deliveryPoint>Kliniekstraat 25</deliveryPoint>
        <city>Brussels</city>
        <administrativeArea>Brussels Capital Region</administrativeArea>
        <postalCode>1070</postalCode>
        <country>BE</country>
    </address>
    <electronicMailAddress>dimitri.brosens@inbo.be</electronicMailAddress>
    <onlineUrl>http://www.biodiversity.be</onlineUrl>
          <userId directory="http://orcid.org/">0000-0002-0846-9116</userId>
      </metadataProvider>
      <metadataProvider>
    <individualName>
        <givenName>Peter</givenName>
      <surName>Desmet</surName>
    </individualName>
    <organizationName>Research Institute for Nature and Forest (INBO)</organizationName>
    <positionName>Data lab coordinator</positionName>
    <address>
        <deliveryPoint>Kliniekstraat 25</deliveryPoint>
        <city>Brussels</city>
        <administrativeArea>Brussels Capital Region</administrativeArea>
        <postalCode>1070</postalCode>
        <country>BE</country>
    </address>
    <electronicMailAddress>peter.desmet@inbo.be</electronicMailAddress>
    <onlineUrl>http://lifewatch.inbo.be</onlineUrl>
          <userId directory="http://orcid.org/">0000-0002-8442-8025</userId>
      </metadataProvider>
  <pubDate>
      2021-04-01
  </pubDate>
  <language>eng</language>
  <abstract>
    <para>The dataset contains the total catch number and total weight of the catch of fish species which has been electrofished in the rivers &quot;Grote Nete&quot; and &quot;Kleine Nete&quot; in Belgium. The scope of the project was to make an inventory of fish species abundance and density in both rivers. The data were used to make a red list of fish species in Flanders.</para>
    <para>To allow anyone to use this dataset, we have released the data to the public domain under a Creative Commons Zero waiver (http://creativecommons.org/publicdomain/zero/1.0/). We would appreciate however, if you read and follow these norms for data use (http://www.inbo.be/en/norms-for-data-use) and provide a link to the original dataset (https://doi.org/10.15468/zan6uj) whenever possible. If you use these data for a scientific paper, please cite the dataset following the applicable citation norms and/or consider us for co-authorship. We are always interested to know how you have used or visualized the data, or to provide more information, so please contact us via the contact information provided in the metadata, opendata@inbo.be or https://twitter.com/LifeWatchINBO.</para>
  </abstract>
      <keywordSet>
            <keyword>Occurrence</keyword>
        <keywordThesaurus>GBIF Dataset Type Vocabulary: http://rs.gbif.org/vocabulary/gbif/dataset_type.xml</keywordThesaurus>
      </keywordSet>
      <keywordSet>
            <keyword>Observation</keyword>
        <keywordThesaurus>GBIF Dataset Subtype Vocabulary: http://rs.gbif.org/vocabulary/gbif/dataset_subtype.xml</keywordThesaurus>
      </keywordSet>
      <keywordSet>
            <keyword>depletion fishing</keyword>
            <keyword>fish distribution</keyword>
            <keyword>red list</keyword>
        <keywordThesaurus>n/a</keywordThesaurus>
      </keywordSet>
      <keywordSet>
            <keyword>Occurrence</keyword>
        <keywordThesaurus>GBIF Dataset Type Vocabulary: http://rs.gbif.org/vocabulary/gbif/dataset_type_2015-07-10.xml</keywordThesaurus>
      </keywordSet>
  <intellectualRights>
    <para>To the extent possible under law, the publisher has waived all rights to these data and has dedicated them to the <ulink url="http://creativecommons.org/publicdomain/zero/1.0/legalcode"><citetitle>Public Domain (CC0 1.0)</citetitle></ulink>. Users may copy, modify, distribute and use the work, including for commercial purposes, without restriction.</para>
  </intellectualRights>
  <coverage>
      <geographicCoverage>
          <geographicDescription>The rivers Grote Nete and Kleine Nete in Flanders, Belgium. The Grote Nete (Big Nete) originates near Hechtel in the province of Limburg, while the Kleine Nete (Small Nete) originates more northwest near Retie in the province of Antwerp. Both rivers flow west and join in Lier (Antwerp), where they continue as the Nete.</geographicDescription>
        <boundingCoordinates>
          <westBoundingCoordinate>4.56</westBoundingCoordinate>
          <eastBoundingCoordinate>5.4</eastBoundingCoordinate>
          <northBoundingCoordinate>51.28</northBoundingCoordinate>
          <southBoundingCoordinate>51.05</southBoundingCoordinate>
        </boundingCoordinates>
      </geographicCoverage>
          <temporalCoverage>
              <rangeOfDates>
                  <beginDate>
                    <calendarDate>1989-05-23</calendarDate>
                  </beginDate>
                <endDate>
                  <calendarDate>1996-11-27</calendarDate>
                </endDate>
              </rangeOfDates>
          </temporalCoverage>
          <taxonomicCoverage>
              <generalTaxonomicCoverage>The dataset contains occurrences of agnaths and bony fishes, on species level.</generalTaxonomicCoverage>
              <taxonomicClassification>
                  <taxonRankName>kingdom</taxonRankName>
                <taxonRankValue>Animalia</taxonRankValue>
                  <commonName>animals</commonName>
              </taxonomicClassification>
              <taxonomicClassification>
                  <taxonRankName>class</taxonRankName>
                <taxonRankValue>Actinopterygii</taxonRankValue>
                  <commonName>ray-finned fishes</commonName>
              </taxonomicClassification>
              <taxonomicClassification>
                  <taxonRankName>class</taxonRankName>
                <taxonRankValue>Petromyzontida</taxonRankValue>
              </taxonomicClassification>
              <taxonomicClassification>
                  <taxonRankName>species</taxonRankName>
                <taxonRankValue>Abramis brama</taxonRankValue>
                  <commonName>common bream</commonName>
              </taxonomicClassification>
              <taxonomicClassification>
                  <taxonRankName>species</taxonRankName>
                <taxonRankValue>Alburnus alburnus</taxonRankValue>
                  <commonName>bleak</commonName>
              </taxonomicClassification>
              <taxonomicClassification>
                  <taxonRankName>species</taxonRankName>
                <taxonRankValue>Ameiurus nebulosus</taxonRankValue>
                  <commonName>brown bullhead</commonName>
              </taxonomicClassification>
              <taxonomicClassification>
                  <taxonRankName>species</taxonRankName>
                <taxonRankValue>Anguilla anguilla</taxonRankValue>
                  <commonName>European eel</commonName>
              </taxonomicClassification>
              <taxonomicClassification>
                  <taxonRankName>species</taxonRankName>
                <taxonRankValue>Barbatula barbatula</taxonRankValue>
                  <commonName>stone loach</commonName>
              </taxonomicClassification>
              <taxonomicClassification>
                  <taxonRankName>species</taxonRankName>
                <taxonRankValue>Blicca bjoerkna</taxonRankValue>
                  <commonName>silver bream</commonName>
              </taxonomicClassification>
              <taxonomicClassification>
                  <taxonRankName>species</taxonRankName>
                <taxonRankValue>Carassius gibelio</taxonRankValue>
                  <commonName>Prussian carp</commonName>
              </taxonomicClassification>
              <taxonomicClassification>
                  <taxonRankName>species</taxonRankName>
                <taxonRankValue>Cobitis taenia</taxonRankValue>
                  <commonName>spined loach</commonName>
              </taxonomicClassification>
              <taxonomicClassification>
                  <taxonRankName>species</taxonRankName>
                <taxonRankValue>Cottus gobio</taxonRankValue>
                  <commonName>European bullhead</commonName>
              </taxonomicClassification>
              <taxonomicClassification>
                  <taxonRankName>species</taxonRankName>
                <taxonRankValue>Cyprinus carpio</taxonRankValue>
                  <commonName>common carp</commonName>
              </taxonomicClassification>
              <taxonomicClassification>
                  <taxonRankName>species</taxonRankName>
                <taxonRankValue>Esox lucius</taxonRankValue>
                  <commonName>northern pike</commonName>
              </taxonomicClassification>
              <taxonomicClassification>
                  <taxonRankName>species</taxonRankName>
                <taxonRankValue>Gasterosteus aculeatus</taxonRankValue>
                  <commonName>three-spined stickleback</commonName>
              </taxonomicClassification>
              <taxonomicClassification>
                  <taxonRankName>species</taxonRankName>
                <taxonRankValue>Gobio gobio</taxonRankValue>
                  <commonName>gudgeon</commonName>
              </taxonomicClassification>
              <taxonomicClassification>
                  <taxonRankName>species</taxonRankName>
                <taxonRankValue>Gymnocephalus cernuus</taxonRankValue>
                  <commonName>Eurasian ruffe</commonName>
              </taxonomicClassification>
              <taxonomicClassification>
                  <taxonRankName>species</taxonRankName>
                <taxonRankValue>Lampetra planeri</taxonRankValue>
                  <commonName>European brook lamprey</commonName>
              </taxonomicClassification>
              <taxonomicClassification>
                  <taxonRankName>species</taxonRankName>
                <taxonRankValue>Lepomis gibbosus</taxonRankValue>
                  <commonName>pumpkinseed</commonName>
              </taxonomicClassification>
              <taxonomicClassification>
                  <taxonRankName>species</taxonRankName>
                <taxonRankValue>Leuciscus idus</taxonRankValue>
                  <commonName>ide</commonName>
              </taxonomicClassification>
              <taxonomicClassification>
                  <taxonRankName>species</taxonRankName>
                <taxonRankValue>Perca fluviatilis</taxonRankValue>
                  <commonName>European perch</commonName>
              </taxonomicClassification>
              <taxonomicClassification>
                  <taxonRankName>species</taxonRankName>
                <taxonRankValue>Platichthys flesus</taxonRankValue>
                  <commonName>European flounder</commonName>
              </taxonomicClassification>
              <taxonomicClassification>
                  <taxonRankName>species</taxonRankName>
                <taxonRankValue>Pungitius pungitius</taxonRankValue>
                  <commonName>ninespine stickleback</commonName>
              </taxonomicClassification>
              <taxonomicClassification>
                  <taxonRankName>species</taxonRankName>
                <taxonRankValue>Rhodeus amarus</taxonRankValue>
                  <commonName>European bitterling</commonName>
              </taxonomicClassification>
              <taxonomicClassification>
                  <taxonRankName>species</taxonRankName>
                <taxonRankValue>Rutilus rutilus</taxonRankValue>
                  <commonName>common roach</commonName>
              </taxonomicClassification>
              <taxonomicClassification>
                  <taxonRankName>species</taxonRankName>
                <taxonRankValue>Sander lucioperca</taxonRankValue>
                  <commonName>zander</commonName>
              </taxonomicClassification>
              <taxonomicClassification>
                  <taxonRankName>species</taxonRankName>
                <taxonRankValue>Scardinius erythrophthalmus</taxonRankValue>
                  <commonName>common rudd</commonName>
              </taxonomicClassification>
              <taxonomicClassification>
                  <taxonRankName>species</taxonRankName>
                <taxonRankValue>Squalius cephalus</taxonRankValue>
                  <commonName>European chub</commonName>
              </taxonomicClassification>
              <taxonomicClassification>
                  <taxonRankName>species</taxonRankName>
                <taxonRankValue>Tinca tinca</taxonRankValue>
                  <commonName>tench</commonName>
              </taxonomicClassification>
              <taxonomicClassification>
                  <taxonRankName>species</taxonRankName>
                <taxonRankValue>Umbra pygmaea</taxonRankValue>
                  <commonName>eastern mudminnow</commonName>
              </taxonomicClassification>
          </taxonomicCoverage>
  </coverage>
  <purpose>
    <para>This dataset is a subset of a historical dataset used to make an atlas of fish in Flanders.</para>
  </purpose>
  <maintenance>
    <description>
      <para></para>
    </description>
    <maintenanceUpdateFrequency>notPlanned</maintenanceUpdateFrequency>
  </maintenance>

      <contact>
    <individualName>
        <givenName>Johan</givenName>
      <surName>Coeck</surName>
    </individualName>
    <organizationName>Research Institute for Nature and Forest (INBO)</organizationName>
    <positionName>Researcher</positionName>
    <address>
        <deliveryPoint>Kliniekstraat 25</deliveryPoint>
        <city>Brussels</city>
        <administrativeArea>Brussels Capital Region</administrativeArea>
        <postalCode>1070</postalCode>
        <country>BE</country>
    </address>
    <electronicMailAddress>johan.coeck@inbo.be</electronicMailAddress>
      </contact>
  <methods>
        <methodStep>
          <description>
            <para>The recorder wades through the river holding one of the two electrodes. The recorder follows a traject against the current. All catched fish was measured and weighted.</para>
          </description>
        </methodStep>
      <sampling>
        <studyExtent>
          <description>
            <para>This dataset is a subset of an historical dataset used to make an atlas of fish in Flanders</para>
          </description>
        </studyExtent>
        <samplingDescription>
          <para>Wading hand held DC electric fishing. Dipnets and electrodes were used.</para>
        </samplingDescription>
      </sampling>
      <qualityControl>
        <description>
          <para>Checked</para>
        </description>
      </qualityControl>
  </methods>
</dataset>
  <additionalMetadata>
    <metadata>
      <gbif>
          <dateStamp>2013-05-05T11:33:15.883+02:00</dateStamp>
          <hierarchyLevel>dataset</hierarchyLevel>
            <citation identifier="https://doi.org/10.15468/zan6uj">Coeck J, Brosens D, Desmet P (2021): Depletion fishing in the rivers Grote Nete and Kleine Nete in Flanders, Belgium. v16.4. Research Institute for Nature and Forest (INBO). Dataset/Occurrence. https://doi.org/10.15468/zan6uj</citation>
          <resourceLogoUrl>https://ipt.inbo.be/logo.do?r=depletion-fishing-nete-occurrences</resourceLogoUrl>
          <dc:replaces>40e9743f-8db3-4732-8c85-c4ca96596409/v16.4.xml</dc:replaces>
      </gbif>
    </metadata>
  </additionalMetadata>
</eml:eml>
